{
  "$schema": "https://schema.management.azure.com/schemas/2019-04-01/deploymentTemplate.json#",
  "contentVersion": "1.0.0.0",
  "parameters": {
    "existingFunctionAppName": {
      "type": "string",
      "metadata": {
        "description": "The name of the function container in which the function has to be created."
      }
    },
    "functionName": {
      "type": "string",
      "defaultValue": "ChiragDefaultFunction",
      "metadata": {
        "description": "The name of the function."
      }
    }
  },
  "resources": [
    {
      "apiVersion": "2015-08-01",
      "name": "[concat(parameters('existingFunctionAppName'),'/', parameters('functionName'))]",
      "type": "Microsoft.Web/sites/functions",
      "properties": {
        "config": {
          "bindings": [
            {
              "name": "req",
              "webHookType": "genericJson",
              "direction": "in",
              "type": "httpTrigger"
            },
            {
              "name": "res",
              "direction": "out",
              "type": "http"
            }
          ]
        }
      }
    }
  ]
}