{
  "$schema": "https://schema.management.azure.com/schemas/2019-04-01/deploymentTemplate.json#",
  "contentVersion": "1.0.0.0",
  "parameters": {
    "appName": {
      "type": "string",
      "metadata": {
        "description": "The name of the function app that you wish to create."
      }
    },
    "sku": {
      "type": "string",
      "allowedValues": [
        "D1",
        "F1",
        "B1",
        "B2",
        "B3",
        "S1",
        "S2",
        "S3",
        "P1",
        "P2",
        "P3",
        "P1V2",
        "P2V2",
        "P3V2",
        "I1",
        "I2",
        "I3",
        "Y1"
      ],
      "defaultValue": "S1",
      "metadata": {
        "description": "The pricing tier for the hosting plan."
      }
    },
    "workerSize": {
      "type": "string",
      "allowedValues": [
        "0",
        "1",
        "2"
      ],
      "defaultValue": "0",
      "metadata": {
        "description": "The instance size of the hosting plan (small, medium, or large)."
      }
    },
    "storageAccountType": {
      "type": "string",
      "defaultValue": "Standard_LRS",
      "allowedValues": [
        "Standard_LRS",
        "Standard_GRS",
        "Standard_RAGRS"
      ],
      "metadata": {
        "description": "Storage Account type"
      }
    },
    "location": {
      "type": "string",
      "defaultValue": "[resourceGroup().location]",
      "metadata": {
        "description": "Location for all resources."
      }
    }
  },
  "variables": {
    "functionAppName": "[parameters('appName')]",
    "hostingPlanName": "[parameters('appName')]",
    "storageAccountName": "[concat(uniquestring(resourceGroup().id), 'functions')]"
  },
  "resources": [
    {
      "type": "Microsoft.Storage/storageAccounts",
      "name": "[variables('storageAccountName')]",
      "apiVersion": "2018-11-01",
      "location": "[parameters('location')]",
      "kind": "Storage",
      "sku": {
        "name": "[parameters('storageAccountType')]"
      }
    },
    {
      "type": "Microsoft.Web/serverfarms",
      "apiVersion": "2019-08-01",
      "name": "[variables('hostingPlanName')]",
      "location": "[parameters('location')]",
      "sku": {
        "Name": "[parameters('sku')]"
      },
      "properties": {
        "name": "[variables('hostingPlanName')]",

        "workerSize": "[parameters('workerSize')]",
        "numberOfWorkers": 1
      }
    },
    {
      "apiVersion": "2018-11-01",
      "type": "Microsoft.Web/sites",
      "name": "[variables('functionAppName')]",
      "location": "[parameters('location')]",
      "kind": "functionapp",
      "properties": {
        "name": "[variables('functionAppName')]",
        "serverFarmId": "[resourceId('Microsoft.Web/serverfarms', variables('hostingPlanName'))]",
        "clientAffinityEnabled": false,
        "siteConfig": {
          "alwaysOn": true
        }
      },
      "dependsOn": [
        "[resourceId('Microsoft.Web/serverfarms', variables('hostingPlanName'))]",
        "[resourceId('Microsoft.Storage/storageAccounts', variables('storageAccountName'))]"
      ],
      "resources": [
        {
          "apiVersion": "2018-11-01",
          "name": "appsettings",
          "type": "config",
          "dependsOn": [
            "[resourceId('Microsoft.Web/sites', variables('functionAppName'))]",
            "[resourceId('Microsoft.Storage/storageAccounts', variables('storageAccountName'))]"
          ],
          "properties": {
            "AzureWebJobsStorage": "[concat('DefaultEndpointsProtocol=https;AccountName=',variables('storageAccountName'),';AccountKey=',listkeys(resourceId('Microsoft.Storage/storageAccounts', variables('storageAccountName')), '2015-05-01-preview').key1,';')]",
            "AzureWebJobsDashboard": "[concat('DefaultEndpointsProtocol=https;AccountName=',variables('storageAccountName'),';AccountKey=',listkeys(resourceId('Microsoft.Storage/storageAccounts', variables('storageAccountName')), '2015-05-01-preview').key1,';')]",
            "FUNCTIONS_EXTENSION_VERSION": "~1"
          }
        }
      ]
    }
  ]
}